Book Id,Title,Author,Author l-f,Additional Authors,ISBN,ISBN13,My Rating,Publisher,Binding,Number of Pages,Year Published,Original Publication Year,Date Read,Date Added,Bookshelves,Bookshelves with positions,Exclusive Shelf,My Review,Spoiler,Private Notes,Read Count,Owned Copies
55871780,Skinship,Yoon Choi,"Choi, Yoon",,"=""0593318218""","=""9780593318218""",0,Knopf,Hardcover,304,2021,2021,,2026/09/06,to-read,to-read (#47),to-read,,,,0,0
52845775,Minor Feelings: An Asian American Reckoning,Cathy Park Hong,"Hong, Cathy Park",,"=""1984820362""","=""9781984820365""",0,One World,Hardcover,209,2020,2020,2026/08/19,2026/08/19,,,read,,,,1,0
38474,Another Country,James Baldwin,"Baldwin, James",,"=""0141186372""","=""9780141186375""",5.0,PENGUIN,Paperback,448,2006,1962,,2025/08/24,,,read,,,,1,0
7763,The Joy Luck Club,Amy Tan,"Tan, Amy",,"=""""","=""""",5.0,Penguin (Non-Classics),Paperback,288,2006,1989,,2026/08/19,,,read,,,,1,0
421,The White Album,Joan Didion,"Didion, Joan",,"=""0374532079""","=""9780374532079""",0,FSG Adult,Paperback,224,2009,1979,,2026/08/19,,,read,,,,1,0
168668,Catch-22,Joseph Heller,"Heller, Joseph",,"=""0684833395""","=""9780684833392""",0,Simon & Schuster ,Paperback,453,2004,1961,,2026/08/19,,,read,,,,1,0
2956,"The Adventures of Huckleberry Finn (Adventures of Tom and Huck, #2)",Mark Twain,"Twain, Mark","Guy Cardwell, E.W. Kemble, John Seelye, Walter Trier, Tom Wilson, William Little Hughes","=""0142437174""","=""9780142437179""",0,Penguin Classics,Paperback,327,2002,1885,,2026/08/19,,,read,,,,1,0
16981,Invisible Man,Ralph Ellison,"Ellison, Ralph",,"=""""","=""""",5.0,Vintage,Paperback,581,1995,1952,,2026/08/19,,,read,,,,1,0
136196611,By Aldous Huxley - Island,Aldous Huxley,"Huxley, Aldous",,"=""""","=""""",5.0,Harper Perennial Modern Classics,Paperback,0,2009,1945,,2026/08/19,,,read,,,,1,0
175675,Ragtime,E.L. Doctorow,"Doctorow, E.L.",,"=""0812978188""","=""9780812978186""",5.0,Random House,Paperback,320,2010,1975,,2026/08/19,,,read,,,,1,0
17810,In the Miso Soup,Ryū Murakami,"Murakami, Ryū",Ralph McCarthy,"=""014303569X""","=""9780143035695""",5.0,Penguin,Paperback,217,2006,1997,,2026/08/19,,,read,,,,1,0
77013,As I Lay Dying,William Faulkner,"Faulkner, William",,"=""""","=""""",5.0,Vintage,Paperback,270,1991,1930,,2026/08/19,,,read,,,,1,0
36123211,Anthem by Ayn Rand [Individualism and Dystopia: Ayn Rand's Anthem] (The Greatest Kindle Books of All Time),Ayn Rand,"Rand, Ayn",,"=""""","=""""",0,Prabhat Prakashan,Kindle Edition,99,2023,1938,,2026/08/19,,,read,,,,1,0
7445,The Glass Castle,Jeannette Walls,"Walls, Jeannette",,"=""074324754X""","=""9780743247542""",5.0,Scribner,Paperback,288,2005,2005,,2026/08/19,,,read,,,,1,0
436982,Notes from the Underground,Fyodor Dostoevsky,"Dostoevsky, Fyodor",Constance Garnett,"=""""","=""""",0,Dover Publications,Paperback,96,1992,1864,,2026/08/19,to-read,to-read (#46),to-read,,,,0,0
18386,The Death of Ivan Ilych,Leo Tolstoy,"Tolstoy, Leo","Aylmer Maude, Louise Maude","=""""","=""""",0,Waking Lion Press,Paperback,86,2006,1886,,2026/08/19,to-read,to-read (#45),to-read,,,,0,0
61827405,Mott Street: A Chinese American Family's Story of Exclusion and Homecoming,Ava Chin,"Chin, Ava",,"=""0525557377""","=""9780525557371""",0,Penguin Press,Hardcover,400,2023,2023,,2026/08/16,to-read,to-read (#44),to-read,,,,0,0
4406,East of Eden,John Steinbeck,"Steinbeck, John",,"=""0142000655""","=""9780142000656""",0,Penguin Books,Paperback,601,2002,1952,,2026/08/08,to-read,to-read (#43),to-read,,,,0,0
61904,"Paladin of Souls (World of the Five Gods, #2)",Lois McMaster Bujold,"Bujold, Lois McMaster",,"=""0380818612""","=""9780380818617""",0,HarperTorch,Paperback,470,2005,2003,,2026/07/19,to-read,to-read (#42),to-read,,,,0,0
26073079,"The Cultural Revolution: A People's History, 1962-1976",Frank Dikötter,"Dikötter, Frank",,"=""1632864215""","=""9781632864215""",0,Bloomsbury Press,Hardcover,396,2016,2016,,2026/06/30,to-read,to-read (#41),to-read,,,,0,0
90894,Dictee,Theresa Hak Kyung Cha,"Cha, Theresa Hak Kyung",,"=""0520231120""","=""9780520231122""",0,University of California Press,Paperback,179,2001,1982,,2026/06/27,to-read,to-read (#40),to-read,,,,0,0
94486,The Invention of Morel,Adolfo Bioy Casares,"Casares, Adolfo Bioy","Jorge Luis Borges, Ruth L.C. Simms, Suzanne Jill Levine, Norah Borges de Torre","=""1590170571""","=""9781590170571""",0,New York Review Books,Paperback,103,2003,1940,,2026/05/31,to-read,to-read (#39),to-read,,,,0,0
24728470,M Train,Patti Smith,"Smith, Patti",,"=""1101875100""","=""9781101875100""",0,Knopf,Hardcover,256,2015,2015,,2026/05/24,to-read,to-read (#38),to-read,,,,0,0
205363984,Taiwan Travelogue,Yáng Shuāng-zǐ,"Shuāng-zǐ, Yáng","楊双子, Lin King","=""1644453150""","=""9781644453155""",0,Graywolf Press,Paperback,298,2024,2020,,2026/05/21,to-read,to-read (#37),to-read,,,,0,0
56993993,Hao: Stories,Ye  Chun,"Chun, Ye",,"=""1646220609""","=""9781646220601""",0,Catapult,Hardcover,208,2021,2021,,2026/05/16,to-read,to-read (#36),to-read,,,,0,0
101157,Sexual Personae: Art and Decadence from Nefertiti to Emily Dickinson (Yale Nota Bene),Camille Paglia,"Paglia, Camille",,"=""0300091273""","=""9780300091274""",0,Yale University Press,Paperback,736,2001,1990,,2026/05/13,to-read,to-read (#35),to-read,,,,0,0
1848,Wild Swans: Three Daughters of China,Jung Chang,"Chang, Jung",,"=""""","=""""",0,Simon & Schuster,Paperback,562,2003,1991,,2026/05/09,to-read,to-read (#34),to-read,,,,0,0
17165596,The Kite Runner,Khaled Hosseini,"Hosseini, Khaled",,"=""""","=""""",5.0,Riverhead Books,Paperback,371,2013,2003,,2026/05/04,,,read,,,,1,0
136522445,A Thousand Spendid Suns,Khaled Hosseini,"Hosseini, Khaled",,"=""""","=""""",5.0,Riverhead Books,Hardcover,0,2007,2007,,2026/05/04,,,read,,,,1,0
20067693,The Autobiography of an Ex-Colored Man,James Weldon Johnson,"Johnson, James Weldon",,"=""""","=""""",0,Dover Publications,Kindle Edition,114,2012,1912,,2026/04/01,,,read,,,,1,0
37415,Their Eyes Were Watching God,Zora Neale Hurston,"Hurston, Zora Neale",,"=""0061120065""","=""9780061120060""",0,Amistad,Paperback,238,2006,1937,,2026/04/01,,,read,,,,1,0
464260,The Fire Next Time (Vintage International),James Baldwin,"Baldwin, James",,"=""067974472X""","=""9780679744726""",5.0,Vintage,Paperback,106,1992,1963,,2026/04/01,,,read,,,,0,0
9328314,On China,Henry Kissinger,"Kissinger, Henry",,"=""1594202710""","=""9781594202711""",0,"Penguin Press HC, The",Hardcover,608,2011,2011,,2026/04/01,,,read,,,,1,0
721007,The Story of an African Farm,Olive Schreiner,"Schreiner, Olive",Dan Jacobson,"=""0140431845""","=""9780140431841""",0,Penguin Classics,Paperback,304,1983,1883,,2026/04/01,,,read,,,,1,0
757233,Mhudi,Sol T. Plaatje,"Plaatje, Sol T.",,"=""0143185403""","=""9780143185406""",0,Penguin Global,Paperback,200,2006,1970,,2026/04/01,,,read,,,,1,0
8106205,To Hell with Cronjé,Ingrid Winterbach,"Winterbach, Ingrid",Elsa Silke,"=""1934824305""","=""9781934824306""",0,Open Letter Books,Paperback,234,2010,2002,,2026/04/01,,,read,,,,1,0
6150,"Cry, the Beloved Country",Alan Paton,"Paton, Alan",,"=""074326195X""","=""9780743261951""",0,Scribner,Hardcover,316,2003,1948,,2026/04/01,,,read,,,,1,0
6192,Disgrace,J.M. Coetzee,"Coetzee, J.M.",,"=""0143036378""","=""9780143036371""",0,Penguin Books,Paperback,220,2005,1999,,2026/04/01,,,read,,,,1,0
111050,July's People,Nadine Gordimer,"Gordimer, Nadine",,"=""0140061401""","=""9780140061406""",0,Penguin Books,Paperback,160,1982,1981,,2026/04/01,,,read,,,,1,0
373967,The Heart of Redness,Zakes Mda,"Mda, Zakes",,"=""0312421745""","=""9780312421748""",0,Picador,Paperback,288,2003,2000,,2026/04/01,,,read,,,,1,0
88340,Letters to Milena,Franz Kafka,"Kafka, Franz","Aarno Peromies, Philip Boehm, Milena Jesenská","=""0805208852""","=""9780805208856""",0,Schocken,Paperback,298,1990,1952,,2026/03/21,to-read,to-read (#33),to-read,,,,0,0
24874356,A Pair of Silk Stockings,Kate Chopin,"Chopin, Kate",,"=""0141398531""","=""9780141398532""",0,Penguin Classics,Paperback,64,2015,1897,,2026/03/16,to-read,to-read (#32),to-read,,,,0,0
46114,The Waves,Virginia Woolf,"Woolf, Virginia",,"=""0156949601""","=""9780156949606""",0,Harvest Books,Paperback,297,1978,1931,,2026/03/16,to-read,to-read (#31),to-read,,,,0,0
524116,Six Records of a Floating Life,Shěn Fù 沈復,"沈復, Shěn Fù","Leonard Pratt, Chiang Su-Hui","=""0140444297""","=""9780140444292""",4.0,Penguin Classics,Paperback,171,2004,1877,,2025/11/08,,,read,,,,1,0
13642,A Wizard of Earthsea,Ursula K. Le Guin,"Guin, Ursula K. Le",,"=""""","=""""",0,,Paperback,183,2004,1968,,2026/02/27,to-read,to-read (#30),to-read,,,,0,0
9328,The House of the Spirits,Isabel Allende,"Allende, Isabel",Magda Bogin,"=""0553383809""","=""9780553383805""",5.0,Dial Press Trade Paperback,Paperback,512,2005,1982,,2026/01/28,,,read,,,,1,0
127305688,The Other Significant Others: Reimagining Life with Friendship at the Center,Rhaina Cohen,"Cohen, Rhaina",,"=""1250280915""","=""9781250280916""",0,St. Martin's Press,Hardcover,320,2024,2024,,2026/02/22,to-read,to-read (#29),to-read,,,,0,0
37424706,The Art of Gathering: How We Meet and Why It Matters,Priya Parker,"Parker, Priya",,"=""1594634920""","=""9781594634925""",0,Riverhead Books,Hardcover,304,2018,2018,,2026/02/22,to-read,to-read (#28),to-read,,,,0,0
23129659,"Adult Children of Emotionally Immature Parents: How to Heal from Distant, Rejecting, or Self-Involved Parents",Lindsay C. Gibson,"Gibson, Lindsay C.",,"=""1626251703""","=""9781626251700""",0,New Harbinger Publications,Paperback,201,2015,2015,,2026/01/27,to-read,to-read (#27),to-read,,,,0,0
5534939,Romance of the Western Chamber (Translations from the Oriental Classics Series),Wang Shifu,"Shifu, Wang",S.I. Hsiung,"=""0231086156""","=""9780231086158""",0,COLUMBIA UNIV^PRESS,Paperback,256,1968,1200,,2026/01/21,to-read,to-read (#26),to-read,,,,0,0
205150814,Dreamlike Recording of East Capital,Yuanlao Meng,"Meng, Yuanlao","Bin Liu, Jirong Liu","=""3757992393""","=""9783757992392""",0,via tolino media,Kindle Edition,193,2024,,,2026/01/15,to-read,to-read (#25),to-read,,,,0,0
209574,"The Heart of the Buddha's Teaching: Transforming Suffering into Peace, Joy, and Liberation",Thich Nhat Hanh,"Hanh, Thich Nhat",,"=""0767903692""","=""9780767903691""",0,Broadway Books,Paperback,294,1999,1998,,2026/01/14,to-read,to-read (#24),to-read,,,,0,0
43306206,"The Courage to Be Disliked: How to Free Yourself, Change Your Life and Achieve Real Happiness",Ichiro Kishimi,"Kishimi, Ichiro",Fumitake Koga,"=""""","=""""",0,Allen & Unwin,Paperback,288,2019,2013,,2026/01/12,to-read,to-read (#23),to-read,,,,0,0
213870084,"One Day, Everyone Will Have Always Been Against This",Omar El Akkad,"Akkad, Omar El",,"=""0593804147""","=""9780593804148""",0,Knopf,Hardcover,208,2025,2025,,2026/01/11,,,read,,,,1,0
5826,Bel Canto,Ann Patchett,"Patchett, Ann",,"=""""","=""""",0,Harper Perennial,Paperback,318,2023,2001,,2026/01/06,,,read,,,,1,0
11337,The Bluest Eye,Toni Morrison,"Morrison, Toni",,"=""""","=""""",4.0,Plume,Paperback,216,2005,1970,,2026/01/06,,,read,,,,1,0
38820046,21 Lessons for the 21st Century,Yuval Noah Harari,"Harari, Yuval Noah",,"=""0525512179""","=""9780525512172""",4.0,Random House,Hardcover,372,2018,2018,,2026/01/06,,,read,,,,1,0
56126868,Accounts of China and India (Library of Arabic Literature Book 55),Abu Zayd Al-Sirafi,"Al-Sirafi, Abu Zayd","Zvi Ben-Dor Benite, Tim Mackintosh-Smith","=""""","=""""",5.0,NYU Press,Kindle Edition,312,2017,,,2026/01/06,,,read,,,,1,0
40603783,The Defining Decade: Why Your Twenties Matter—And How to Make the Most of Them Now,Meg Jay,"Jay, Meg",,"=""""","=""""",4.0,Twelve,Kindle Edition,273,2012,2012,,2026/01/06,,,read,,,,1,0
34017010,The State of Affairs: Rethinking Infidelity,Esther Perel,"Perel, Esther",,"=""0062322605""","=""9780062322609""",4.0,Harper,ebook,352,2017,2017,,2026/01/06,,,read,,,,1,0
228147320,"Work Like A Monk: How to Connect, Lead and Grow in a Noisy World",Shoukei Matsumoto,"Matsumoto, Shoukei",,"=""1398551759""","=""9781398551756""",0,Gallery UK,Kindle Edition,192,2025,,,2026/01/05,to-read,to-read (#22),to-read,,,,0,0
457264,The Second Sex,Simone de Beauvoir,"Beauvoir, Simone de","H.M. Parshley, Deirdre Bair","=""0679724516""","=""9780679724513""",0,Vintage,Paperback,746,1989,1949,,2026/01/05,to-read,to-read (#21),to-read,,,,0,0
101880,In a Different Voice: Psychological Theory and Women’s Development,Carol Gilligan,"Gilligan, Carol",,"=""0674445449""","=""9780674445444""",0,Harvard University Press ,Paperback,192,1993,1982,,2026/01/05,to-read,to-read (#20),to-read,,,,0,0
6251387,Mothers and Others: The Evolutionary Origins of Mutual Understanding,Sarah Blaffer Hrdy,"Hrdy, Sarah Blaffer",,"=""0674032993""","=""9780674032996""",0,Belknap Press: An Imprint of Harvard University Press,Hardcover,432,2009,2009,,2026/01/05,to-read,to-read (#19),to-read,,,,0,0
37781,"Things Fall Apart (The African Trilogy, #1)",Chinua Achebe,"Achebe, Chinua",,"=""""","=""""",5.0,Anchor Books,Paperback,215,1994,1958,,2026/01/04,,,read,,,,1,0
224004055,Mother Mary Comes to Me,Arundhati Roy,"Roy, Arundhati",,"=""1668094711""","=""9781668094716""",0,Scribner,Hardcover,331,2025,2025,,2026/01/01,to-read,to-read (#18),to-read,,,,0,0
68022,A Fisherman of the Inland Sea,Ursula K. Le Guin,"Guin, Ursula K. Le",,"=""0060763515""","=""9780060763510""",0,Harper Perennial,Paperback,207,2005,1994,,2025/12/24,to-read,to-read (#17),to-read,,,,0,0
276767,The Word for World Is Forest,Ursula K. Le Guin,"Guin, Ursula K. Le",,"=""""","=""""",5.0,,ebook,160,1989,1972,,2025/12/24,,,read,,,,1,0
221207491,Old Kiln,Jia Pingwa,"Pingwa, Jia",,"=""183890526X""","=""9781838905262""",0,ACA Publishing / Sinoist Books,Paperback,952,2025,2012,,2025/12/23,to-read,to-read (#16),to-read,,,,0,0
222685805,I Deliver Parcels in Beijing,Hu Anyan,"Anyan, Hu",Jack Hargreaves,"=""1662603045""","=""9781662603044""",0,Astra House,Hardcover,336,2025,2023,,2025/12/23,to-read,to-read (#15),to-read,,,,0,0
11869272,"Behind the Beautiful Forevers: Life, Death, and Hope in a Mumbai Undercity",Katherine Boo,"Boo, Katherine",,"=""1400067553""","=""9781400067558""",0,Random House,Hardcover,278,2012,2012,,2025/12/19,to-read,to-read (#14),to-read,,,,0,0
486177,"The Plum in the Golden Vase or, Chin P'ing Mei: Vol. One: The Gathering",Lanling Xiaoxiao Sheng,"Sheng, Lanling Xiaoxiao",David Tod Roy,"=""0691016143""","=""9780691016146""",0,Princeton University Press,Paperback,714,1997,1596,,2025/10/07,to-read,to-read (#13),to-read,,,,0,0
131181,The Sundial,Shirley Jackson,"Jackson, Shirley",,"=""0140083170""","=""9780140083170""",0,Penguin Books,Paperback,245,1986,1958,,2025/10/07,to-read,to-read (#12),to-read,,,,0,0
77566,"Hyperion (Hyperion Cantos, #1)",Dan Simmons,"Simmons, Dan",,"=""0553283685""","=""9780553283686""",0,Bantam Doubleday Dell Publishing Group,Mass Market Paperback,500,1990,1989,,2025/10/05,to-read,to-read (#11),to-read,,,,0,0
95696897,Still Born,Guadalupe Nettel,"Nettel, Guadalupe",Rosalind Harvey,"=""1639730044""","=""9781639730049""",5.0,Bloomsbury Publishing,Kindle Edition,224,2023,2020,,2025/08/24,,,read,,,,0,0
46199,Letters to a Young Poet,Rainer Maria Rilke,"Rilke, Rainer Maria","Franz Xaver Kappus, Reginald Snell","=""0486422453""","=""9780486422459""",0,Dover Publications,Paperback,80,2002,1929,,2025/08/23,to-read,to-read (#10),to-read,,,,0,0
298275,Nausea,Jean-Paul Sartre,"Sartre, Jean-Paul","Lloyd Alexander, Hayden Carruth","=""0811201880""","=""9780811201889""",4.0,New Directions,Hardcover,178,1969,1938,,2025/08/23,,,read,,,,0,0
13531823,China in Ten Words: Essays,Yu Hua,"Hua, Yu",Allan H. Barr,"=""0307739791""","=""9780307739797""",0,Vintage,Paperback,240,2012,2011,,2025/08/17,to-read,to-read (#9),to-read,,,,0,0
139874,"The Story of the Stone, or The Dream of the Red Chamber, Vol. 1: The Golden Days",Cao Xueqin,"Xueqin, Cao",David Hawkes,"=""0140442936""","=""9780140442939""",0,Penguin Classics,Paperback,542,1974,1791,,2025/08/17,to-read,to-read (#8),to-read,,,,0,0
522426,A Life's Work: On Becoming a Mother,Rachel Cusk,"Cusk, Rachel",,"=""0312311303""","=""9780312311308""",0,Picador,Paperback,224,2003,2001,,2025/08/17,to-read,to-read (#7),to-read,,,,0,0
226701,All God's Dangers: The Life of Nate Shaw,Theodore Rosengarten,"Rosengarten, Theodore",,"=""0226727742""","=""9780226727745""",0,University of Chicago Press,Paperback,600,2000,1974,,2025/08/17,to-read,to-read (#6),to-read,,,,0,0
30367546,The Baby Decision: How to Make the Most Important Choice of Your Life,Merle Bombardieri,"Bombardieri, Merle",,"=""0997500727""","=""9780997500721""",0,Orchard View Press,Kindle Edition,464,2016,1981,,2025/08/17,to-read,to-read (#5),to-read,,,,0,0
264288,"After the Ice: A Global Human History, 20,000-5000 BC",Steven Mithen,"Mithen, Steven",,"=""0674019997""","=""9780674019997""",0,Harvard University Press,Paperback,664,2006,2003,,2025/08/17,to-read,to-read (#4),to-read,,,,0,0
6149162,Mirrors: Stories of Almost Everyone,Eduardo Galeano,"Galeano, Eduardo",,"=""1568584237""","=""9781568584232""",0,Nation Books,Hardcover,391,2009,1993,,2025/08/17,to-read,to-read (#3),to-read,,,,0,0
9777,The God of Small Things,Arundhati Roy,"Roy, Arundhati",,"=""0679457313""","=""9780679457312""",0,Random House,Paperback,321,1997,1997,,2025/08/17,to-read,to-read (#2),to-read,,,,0,0
189123,Love in a Fallen City,Eileen Chang,"Chang, Eileen",Karen S. Kingsbury,"=""1590171780""","=""9781590171783""",0,NYRB Classics,Paperback,321,2006,1943,,2025/08/17,to-read,to-read (#1),to-read,,,,0,0
786180,Utopia (Selected Works of St. Thomas More Series),Thomas More,"More, Thomas",Edward Surtz,"=""0300002386""","=""9780300002386""",5.0,Yale University Press,Paperback,192,1964,1516,,2025/08/17,,,read,,,,1,0
82408,Imagined Communities: Reflections on the Origin and Spread of Nationalism,Benedict Anderson,"Anderson, Benedict",,"=""1844670864""","=""9781844670864""",5.0,Verso,Paperback,240,2006,1983,,2025/08/17,,,read,,,,1,0
43475,Criss Cross,Lynne Rae Perkins,"Perkins, Lynne Rae",,"=""0060092726""","=""9780060092726""",5.0,Greenwillow Books,Hardcover,337,2005,2005,,2025/08/17,,,read,,,,1,0
18635622,"A Knight of the Seven Kingdoms (The Tales of Dunk and Egg, #1-3)",George R.R. Martin,"Martin, George R.R.",Gary Gianni,"=""""","=""""",5.0,Bantam Books,Hardcover,355,2015,2015,,2025/08/17,,,read,,,,1,0
34598069,The Autobiography of Malcolm X: As Told to Alex Haley,Malcolm X,"X, Malcolm","Alex Haley, Attallah Shabazz","=""0910227519""","=""9789990065169""",5.0,Ballantine,Mass Market Paperback,460,1991,1965,,2025/08/17,,,read,,,,1,0
11248214,China: A History,John Keay,"Keay, John",,"=""0465025188""","=""9780465025183""",4.0,Basic Books,Paperback,608,2011,2008,,2025/08/17,,,read,,,,1,0
34314712,"The Fifth Season (The Broken Earth, #1)",N.K. Jemisin,"Jemisin, N.K.",,"=""0316229296""","=""9780316229296""",5.0,Orbit,Paperback,471,2015,2015,,2025/08/17,,,read,,,,1,0
28118494,The Obelisk Gate (The Broken Earth #2),N.K. Jemisin,"Jemisin, N.K.",,"=""0316229261""","=""9780316229265""",5.0,Orbit,Paperback,413,2016,2016,,2025/08/17,,,read,,,,1,0
33296259,"The Stone Sky (The Broken Earth, #3)",N.K. Jemisin,"Jemisin, N.K.",,"=""0316229245""","=""9780316229241""",5.0,Orbit,Paperback,419,2017,2017,,2025/08/17,,,read,,,,1,0
45126182,Siddhartha,Hermann Hesse,"Hesse, Hermann",Hilda Rosner,"=""0553208845""","=""9780553208849""",5.0,Bantam Books,Mass Market Paperback,152,1971,1922,,2025/08/17,,,read,,,,1,0
26114141,The Dark Forest (The Three-Body Problem #2),Liu Cixin,"Cixin, Liu",Joel Martinsen,"=""0765386690""","=""9780765386694""",5.0,Tor Books,Paperback,518,2015,2008,,2025/08/17,,,read,,,,1,0
43126457,Trick Mirror: Reflections on Self-Delusion,Jia Tolentino,"Tolentino, Jia",,"=""0525510540""","=""9780525510543""",5.0,Random House,Hardcover,303,2019,2019,,2025/08/17,,,read,,,,1,0
33517569,"Death's End (Remembrance of Earth’s Past, #3)",Liu Cixin,"Cixin, Liu",Ken Liu,"=""0765386631""","=""9780765386632""",5.0,Tor Books,Paperback,604,2017,2010,,2025/08/17,,,read,,,,1,0
25816990,Sapiens: A Brief History of Humankind,Yuval Noah Harari,"Harari, Yuval Noah","John  Purcell, Haim Watzman","=""0062316117""","=""9780062316110""",5.0,Harper Perennial,Paperback,464,2018,2011,,2025/08/17,,,read,,,,1,0
13533727,Tiny Beautiful Things: Advice on Love and Life from Dear Sugar,Cheryl Strayed,"Strayed, Cheryl",,"=""0307949338""","=""9780307949332""",5.0,Knopf Doubleday Publishing Group,Paperback,353,2012,2012,,2025/08/17,,,read,,,,1,0
39863385,Getting the Love You Want: A Guide for Couples,Harville Hendrix,"Hendrix, Harville",Helen LaKelly Hunt,"=""1250310539""","=""9781250310538""",5.0,Holt Paperbacks,Paperback,352,2019,2005,,2025/08/17,,,read,,,,1,0
22889783,The Seven Principles for Making Marriage Work: A Practical Guide from the Country's Foremost Relationship Expert,John M. Gottman,"Gottman, John M.",Nan Silver,"=""0553447718""","=""9780553447712""",5.0,Harmony,Paperback,297,2015,1999,,2025/08/17,,,read,,,,1,0
37588679,Eight Dates: Essential Conversations for a Lifetime of Love,John M. Gottman,"Gottman, John M.","Julie Schwartz Gottman, Douglas Carlton Abrams, Rachel Carlton Abrams","=""1523504463""","=""9781523504466""",4.0,Workman Publishing Company,Hardcover,231,2019,2019,,2025/08/17,,,read,,,,1,0
53006672,The 7 Habits of Highly Effective People,Stephen R. Covey,"Covey, Stephen R.","Sean Covey, Jim Collins","=""1982137274""","=""9781982137274""",4.0,Simon & Schuster,Paperback,464,2020,1989,,2025/08/17,,,read,,,,1,0
27208957,When Things Fall Apart: Heart Advice for Difficult Times,Pema Chödrön,"Chödrön, Pema",,"=""1611803438""","=""9781611803433""",5.0,Shambhala,Paperback,176,2016,1996,,2025/08/17,,,read,,,,1,0
8386051,"The Wisdom of a Broken Heart: How to Turn the Pain of a Breakup into Healing, Insight, and New Love",Susan Piver,"Piver, Susan",,"=""1416593160""","=""9781416593164""",5.0,Atria Books,Paperback,240,2010,2009,,2025/08/17,,,read,,,,1,0
25986827,Milk and Honey,Rupi Kaur,"Kaur, Rupi",,"=""144947425X""","=""9781449474256""",5.0,Andrews McMeel,Paperback,208,2015,2014,,2025/08/17,,,read,,,,1,0
35606560,The Sun and Her Flowers,Rupi Kaur,"Kaur, Rupi",,"=""1449486797""","=""9781449486792""",5.0,Andrews McMeel Publishing,Paperback,256,2017,2018,,2025/08/17,,,read,,,,1,0
42195298,The Meaning of Life,The School of Life,"Life, The School of",,"=""0995753547""","=""9780995753549""",5.0,The School of Life,Hardcover,136,2020,,,2025/08/17,,,read,,,,1,0
37533013,Self-Knowledge,The School of Life,"Life, The School of",,"=""0995753504""","=""9780995753501""",5.0,The School of Life,Hardcover,93,2018,2018,,2025/08/17,,,read,,,,1,0
39103327,"Racial Melancholia, Racial Dissociation: On the Social and Psychic Lives of Asian Americans",David L. Eng,"Eng, David L.",Shinhee Han,"=""1478001607""","=""9781478001607""",5.0,Duke University Press,Paperback,232,2019,2019,,2025/08/17,,,read,,,,1,0
56374648,Minor Feelings: An Asian American Reckoning (One World Essentials),Cathy Park Hong,"Hong, Cathy Park",,"=""1984820389""","=""9781984820389""",5.0,One World,Paperback,224,2021,2020,,2025/08/17,,,read,,,,1,0
58191443,When We Cease to Understand the World,Benjamín Labatut,"Labatut, Benjamín",Adrian Nathan West,"=""1681375664""","=""9781681375663""",4.0,New York Review Books,Paperback,192,2021,2020,,2025/08/17,,,read,,,,1,0
39776179,Dune (Dune #1),Frank Herbert,"Herbert, Frank",,"=""0441013597""","=""9780441013593""",5.0,Ace,Paperback,687,2005,1965,,2025/08/17,,,read,,,,1,0
52381735,The Redemption of Time,Baoshu,"Baoshu, Baoshu",Ken Liu,"=""1250306000""","=""9781250306005""",5.0,Tor Books,Paperback,283,2020,2011,,2025/08/17,,,read,,,,1,0
17601,"The Will to Change: Men, Masculinity, and Love",bell hooks,"hooks, bell",,"=""0743456084""","=""9780743456081""",5.0,Washington Square Press,Paperback,208,2004,2003,,2025/08/17,,,read,,,,1,0
52880778,"Red Rising (Red Rising, #1)",Pierce Brown,"Brown, Pierce",,"=""034553980X""","=""9780345539809""",5.0,Del Rey,Paperback,382,2014,2014,,2025/08/17,,,read,,,,1,0
44492286,Children of Dune (Dune #3),Frank Herbert,"Herbert, Frank",,"=""0593098242""","=""9780593098240""",4.0,Ace,Paperback,609,2019,1976,,2025/08/17,,,read,,,,1,0
44492285,Dune Messiah (Dune #2),Frank Herbert,"Herbert, Frank",Brian Herbert,"=""0593098234""","=""9780593098233""",4.0,Ace,Mass Market Paperback,336,2019,1969,,2025/08/17,,,read,,,,1,0
41161349,"Parable of the Sower (Earthseed, #1)",Octavia E. Butler,"Butler, Octavia E.",,"=""1538732181""","=""9781538732182""",5.0,Grand Central Publishing,Paperback,329,2019,1993,,2025/08/17,,,read,,,,1,0
29566042,The Lonely City: Adventures in the Art of Being Alone,Olivia Laing,"Laing, Olivia",,"=""1250118034""","=""9781250118035""",4.0,Picador,Paperback,315,2017,2016,,2025/08/17,,,read,,,,1,0
20949716,"No Mud, No Lotus: The Art of Transforming Suffering",Thich Nhat Hanh,"Hanh, Thich Nhat",,"=""1937006859""","=""9781937006853""",5.0,Parallax Press,Paperback,128,2014,2014,,2025/08/17,,,read,,,,1,0
60811826,I Who Have Never Known Men,Jacqueline Harpman,"Harpman, Jacqueline","Ros Schwartz, Sophie Mackintosh","=""1945492600""","=""9781945492600""",5.0,Transit Books,Paperback,173,2022,1995,,2025/08/17,,,read,,,,1,0
